{"cameraMode":{"drawMode":0,"name":"Shaded","section":"Shading Mode"},"sceneLighting":true,"audioPlay":false,"sceneViewState":{"m_AlwaysRefresh":false,"showFog":true,"showSkybox":true,"showFlares":true,"showImageEffects":true,"showParticleSystems":true,"showVisualEffectGraphs":true,"m_FxEnabled":true},"in2DMode":false,"pivot":{"x":-3.820280075073242,"y":19.816513061523439,"z":-36.27220153808594},"rotation":{"x":0.011328797787427903,"y":-0.32969123125076296,"z":0.00395628809928894,"w":0.9440165758132935},"size":16.08513832092285,"orthographic":false}